<metadata xml:lang="en"><Esri><CreaDate>20150211</CreaDate><CreaTime>21185300</CreaTime><ArcGISFormat>1.0</ArcGISFormat><ArcGISstyle>Item Description</ArcGISstyle><SyncOnce>FALSE</SyncOnce><DataProperties><itemProps><itemName Sync="TRUE">Kobane_Damage_Sites</itemName><imsContentType Sync="TRUE">002</imsContentType><itemLocation><linkage Sync="TRUE">file://\\cern.ch\dfs\Websites\u\unosat-maps\SY\CE20130604SYR\Kobane_Damage_Sites.shp</linkage><protocol Sync="TRUE">Local Area Network</protocol></itemLocation><itemSize Sync="TRUE">0.000</itemSize></itemProps><coordRef><type Sync="TRUE">Geographic</type><geogcsn Sync="TRUE">GCS_WGS_1984</geogcsn><csUnits Sync="TRUE">Angular Unit: Degree (0.017453)</csUnits><peXml Sync="TRUE">&lt;GeographicCoordinateSystem xsi:type='typens:GeographicCoordinateSystem' xmlns:xsi='http://www.w3.org/2001/XMLSchema-instance' xmlns:xs='http://www.w3.org/2001/XMLSchema' xmlns:typens='http://www.esri.com/schemas/ArcGIS/10.1'&gt;&lt;WKT&gt;GEOGCS[&amp;quot;GCS_WGS_1984&amp;quot;,DATUM[&amp;quot;D_WGS_1984&amp;quot;,SPHEROID[&amp;quot;WGS_1984&amp;quot;,6378137.0,298.257223563]],PRIMEM[&amp;quot;Greenwich&amp;quot;,0.0],UNIT[&amp;quot;Degree&amp;quot;,0.0174532925199433]],VERTCS[&amp;quot;EGM96_Geoid&amp;quot;,VDATUM[&amp;quot;EGM96_Geoid&amp;quot;],PARAMETER[&amp;quot;Vertical_Shift&amp;quot;,0.0],PARAMETER[&amp;quot;Direction&amp;quot;,1.0],UNIT[&amp;quot;Meter&amp;quot;,1.0],AUTHORITY[&amp;quot;EPSG&amp;quot;,5773]]&lt;/WKT&gt;&lt;XOrigin&gt;-400&lt;/XOrigin&gt;&lt;YOrigin&gt;-400&lt;/YOrigin&gt;&lt;XYScale&gt;11258999068426.238&lt;/XYScale&gt;&lt;ZOrigin&gt;-100000&lt;/ZOrigin&gt;&lt;ZScale&gt;10000&lt;/ZScale&gt;&lt;MOrigin&gt;-100000&lt;/MOrigin&gt;&lt;MScale&gt;10000&lt;/MScale&gt;&lt;XYTolerance&gt;8.983152841195215e-009&lt;/XYTolerance&gt;&lt;ZTolerance&gt;0.001&lt;/ZTolerance&gt;&lt;MTolerance&gt;0.001&lt;/MTolerance&gt;&lt;HighPrecision&gt;true&lt;/HighPrecision&gt;&lt;LeftLongitude&gt;-180&lt;/LeftLongitude&gt;&lt;WKID&gt;4326&lt;/WKID&gt;&lt;LatestWKID&gt;4326&lt;/LatestWKID&gt;&lt;VCSWKID&gt;5773&lt;/VCSWKID&gt;&lt;LatestVCSWKID&gt;5773&lt;/LatestVCSWKID&gt;&lt;/GeographicCoordinateSystem&gt;</peXml></coordRef><lineage><Process ToolSource="c:\program files (x86)\arcgis\desktop10.1\ArcToolbox\Toolboxes\Conversion Tools.tbx\FeatureClassToFeatureClass" Date="20130506" Time="171203">FeatureClassToFeatureClass "E:\Temp\temp\Delete_GDB tests\TEST.gdb\TEST_Domain\TEST_DamagesPnt" "E:\Temp\temp\Delete_GDB tests\EventCodeISODateISO3CountryCode.gdb\Damage_Analysis" Damage_Sites # "SiteID "SiteID" true true false 2 Short 0 0 ,First,#,E:\Temp\temp\Delete_GDB tests\TEST.gdb\TEST_Domain\TEST_DamagesPnt,SiteID,-1,-1;SensorDate "SensorDate" true true false 8 Date 0 0 ,First,#,E:\Temp\temp\Delete_GDB tests\TEST.gdb\TEST_Domain\TEST_DamagesPnt,SensorDate,-1,-1;SensorID "SensorID" true true false 4 Long 0 0 ,First,#,E:\Temp\temp\Delete_GDB tests\TEST.gdb\TEST_Domain\TEST_DamagesPnt,SensorID,-1,-1;ConfidenceID "ConfidenceID" true true false 2 Short 0 0 ,First,#,E:\Temp\temp\Delete_GDB tests\TEST.gdb\TEST_Domain\TEST_DamagesPnt,ConfidenceID,-1,-1;FieldValidation "FieldValidation" true true false 2 Short 0 0 ,First,#,E:\Temp\temp\Delete_GDB tests\TEST.gdb\TEST_Domain\TEST_DamagesPnt,FieldValidation,-1,-1;Settlement_Name "Settlement_Name" true true false 100 Text 0 0 ,First,#,E:\Temp\temp\Delete_GDB tests\TEST.gdb\TEST_Domain\TEST_DamagesPnt,Settlement_Name,-1,-1;Notes "Notes" true true false 100 Text 0 0 ,First,#,E:\Temp\temp\Delete_GDB tests\TEST.gdb\TEST_Domain\TEST_DamagesPnt,Notes,-1,-1;Main_Damage_Site_Class "Main_Damage_Site_Class" true true false 2 Short 0 0 ,First,#,E:\Temp\temp\Delete_GDB tests\TEST.gdb\TEST_Domain\TEST_DamagesPnt,Main_Damage_Site_Class,-1,-1;Grouped_Damage_Classes "Grouped_Damage_Classes" true true false 2 Short 0 0 ,First,#,E:\Temp\temp\Delete_GDB tests\TEST.gdb\TEST_Domain\TEST_DamagesPnt,Grouped_Damage_Classes,-1,-1;StaffID "StaffID" true true false 4 Long 0 0 ,First,#,E:\Temp\temp\Delete_GDB tests\TEST.gdb\TEST_Domain\TEST_DamagesPnt,StaffID,-1,-1;EventCode "EventCode" true true false 50 Text 0 0 ,First,#,E:\Temp\temp\Delete_GDB tests\TEST.gdb\TEST_Domain\TEST_DamagesPnt,EventCode,-1,-1" #</Process><Process ToolSource="c:\program files (x86)\arcgis\desktop10.1\ArcToolbox\Toolboxes\Conversion Tools.tbx\FeatureClassToFeatureClass" Date="20130506" Time="175305">FeatureClassToFeatureClass "E:\Temp\temp\Delete_GDB tests\EventCodeISODateISO3CountryCode.gdb\Damage_Analysis\Damage_Sites" M:\UNOSAT_Templates\Geodatabase\EventCodeISODateISO3CountryCode.gdb\Damage_Analysis Damage_Sites # "SiteID "SiteID" true true false 2 Short 0 0 ,First,#,E:\Temp\temp\Delete_GDB tests\EventCodeISODateISO3CountryCode.gdb\Damage_Analysis\Damage_Sites,SiteID,-1,-1;SensorDate "SensorDate" true true false 8 Date 0 0 ,First,#,E:\Temp\temp\Delete_GDB tests\EventCodeISODateISO3CountryCode.gdb\Damage_Analysis\Damage_Sites,SensorDate,-1,-1;SensorID "SensorID" true true false 4 Long 0 0 ,First,#,E:\Temp\temp\Delete_GDB tests\EventCodeISODateISO3CountryCode.gdb\Damage_Analysis\Damage_Sites,SensorID,-1,-1;ConfidenceID "ConfidenceID" true true false 2 Short 0 0 ,First,#,E:\Temp\temp\Delete_GDB tests\EventCodeISODateISO3CountryCode.gdb\Damage_Analysis\Damage_Sites,ConfidenceID,-1,-1;FieldValidation "FieldValidation" true true false 2 Short 0 0 ,First,#,E:\Temp\temp\Delete_GDB tests\EventCodeISODateISO3CountryCode.gdb\Damage_Analysis\Damage_Sites,FieldValidation,-1,-1;Settlement_Name "Settlement_Name" true true false 100 Text 0 0 ,First,#,E:\Temp\temp\Delete_GDB tests\EventCodeISODateISO3CountryCode.gdb\Damage_Analysis\Damage_Sites,Settlement_Name,-1,-1;Notes "Notes" true true false 100 Text 0 0 ,First,#,E:\Temp\temp\Delete_GDB tests\EventCodeISODateISO3CountryCode.gdb\Damage_Analysis\Damage_Sites,Notes,-1,-1;Main_Damage_Site_Class "Main_Damage_Site_Class" true true false 2 Short 0 0 ,First,#,E:\Temp\temp\Delete_GDB tests\EventCodeISODateISO3CountryCode.gdb\Damage_Analysis\Damage_Sites,Main_Damage_Site_Class,-1,-1;Grouped_Damage_Classes "Grouped_Damage_Classes" true true false 2 Short 0 0 ,First,#,E:\Temp\temp\Delete_GDB tests\EventCodeISODateISO3CountryCode.gdb\Damage_Analysis\Damage_Sites,Grouped_Damage_Classes,-1,-1;StaffID "StaffID" true true false 4 Long 0 0 ,First,#,E:\Temp\temp\Delete_GDB tests\EventCodeISODateISO3CountryCode.gdb\Damage_Analysis\Damage_Sites,StaffID,-1,-1;EventCode "EventCode" true true false 50 Text 0 0 ,First,#,E:\Temp\temp\Delete_GDB tests\EventCodeISODateISO3CountryCode.gdb\Damage_Analysis\Damage_Sites,EventCode,-1,-1" #</Process><Process ToolSource="c:\program files (x86)\arcgis\desktop10.2\ArcToolbox\Toolboxes\Data Management Tools.tbx\CalculateField" Date="20150206" Time="173941">CalculateField Damage_Sites ConfidenceID 2 VB #</Process><Process ToolSource="c:\program files (x86)\arcgis\desktop10.2\ArcToolbox\Toolboxes\Data Management Tools.tbx\CalculateField" Date="20150208" Time="222951">CalculateField Damage_Sites ConfidenceID 2 VB #</Process><Process ToolSource="c:\program files (x86)\arcgis\desktop10.2\ArcToolbox\Toolboxes\Data Management Tools.tbx\CalculateField" Date="20150209" Time="134454">CalculateField Damage_Sites Grouped_Damage_Classes 4 VB #</Process><Process ToolSource="c:\program files (x86)\arcgis\desktop10.2\ArcToolbox\Toolboxes\Data Management Tools.tbx\CalculateField" Date="20150209" Time="135307">CalculateField Damage_Sites Grouped_Damage_Classes 4 VB #</Process><Process ToolSource="c:\program files (x86)\arcgis\desktop10.2\ArcToolbox\Toolboxes\Data Management Tools.tbx\CalculateField" Date="20150209" Time="185420">CalculateField Damage_Sites Grouped_Damage_Classes 4 VB #</Process><Process ToolSource="c:\program files (x86)\arcgis\desktop10.2\ArcToolbox\Toolboxes\Data Management Tools.tbx\CalculateField" Date="20150209" Time="185839">CalculateField Damage_Sites Grouped_Damage_Classes 4 VB #</Process><Process ToolSource="c:\program files (x86)\arcgis\desktop10.2\ArcToolbox\Toolboxes\Data Management Tools.tbx\CalculateField" Date="20150209" Time="190034">CalculateField Damage_Sites Grouped_Damage_Classes 4 VB #</Process><Process ToolSource="c:\program files (x86)\arcgis\desktop10.2\ArcToolbox\Toolboxes\Data Management Tools.tbx\CalculateField" Date="20150210" Time="060529">CalculateField Damage_Sites SiteID 26 VB #</Process><Process ToolSource="c:\program files (x86)\arcgis\desktop10.2\ArcToolbox\Toolboxes\Data Management Tools.tbx\CalculateField" Date="20150210" Time="060612">CalculateField Damage_Sites SensorDate "#22 January 2015#" VB #</Process><Process ToolSource="c:\program files (x86)\arcgis\desktop10.2\ArcToolbox\Toolboxes\Data Management Tools.tbx\CalculateField" Date="20150210" Time="060645">CalculateField Damage_Sites SensorID 2 VB #</Process><Process ToolSource="c:\program files (x86)\arcgis\desktop10.2\ArcToolbox\Toolboxes\Data Management Tools.tbx\CalculateField" Date="20150210" Time="060708">CalculateField Damage_Sites ConfidenceID 2 VB #</Process><Process ToolSource="c:\program files (x86)\arcgis\desktop10.2\ArcToolbox\Toolboxes\Data Management Tools.tbx\CalculateField" Date="20150210" Time="060736">CalculateField Damage_Sites FieldValidation 0 VB #</Process><Process ToolSource="c:\program files (x86)\arcgis\desktop10.2\ArcToolbox\Toolboxes\Data Management Tools.tbx\CalculateField" Date="20150210" Time="060753">CalculateField Damage_Sites Settlement_Name "Kobane" VB #</Process><Process ToolSource="c:\program files (x86)\arcgis\desktop10.2\ArcToolbox\Toolboxes\Data Management Tools.tbx\CalculateField" Date="20150210" Time="060919">CalculateField Damage_Sites Grouped_Damage_Classes 1 VB #</Process><Process ToolSource="c:\program files (x86)\arcgis\desktop10.2\ArcToolbox\Toolboxes\Data Management Tools.tbx\CalculateField" Date="20150210" Time="060956">CalculateField Damage_Sites StaffID 222 VB #</Process><Process ToolSource="c:\program files (x86)\arcgis\desktop10.2\ArcToolbox\Toolboxes\Data Management Tools.tbx\CalculateField" Date="20150210" Time="061100">CalculateField Damage_Sites EventCode "CE20130604SYR" VB #</Process><Process ToolSource="c:\program files (x86)\arcgis\desktop10.2\ArcToolbox\Toolboxes\Data Management Tools.tbx\CalculateField" Date="20150210" Time="093302">CalculateField Damage_Sites Grouped_Damage_Classes 4 VB #</Process><Process ToolSource="c:\program files (x86)\arcgis\desktop10.2\ArcToolbox\Toolboxes\Data Management Tools.tbx\CalculateField" Date="20150210" Time="093408">CalculateField Damage_Sites Grouped_Damage_Classes 4 VB #</Process><Process ToolSource="c:\program files (x86)\arcgis\desktop10.2\ArcToolbox\Toolboxes\Data Management Tools.tbx\CalculateField" Date="20150210" Time="132621">CalculateField Damage_Sites Grouped_Damage_Classes 4 VB #</Process><Process ToolSource="c:\program files (x86)\arcgis\desktop10.2\ArcToolbox\Toolboxes\Data Management Tools.tbx\CalculateField" Date="20150210" Time="160751">CalculateField Damage_Sites Grouped_Damage_Classes 4 VB #</Process><Process ToolSource="c:\program files (x86)\arcgis\desktop10.2\ArcToolbox\Toolboxes\Data Management Tools.tbx\CalculateField" Date="20150210" Time="163307">CalculateField Damage_Sites Grouped_Damage_Classes 4 VB #</Process><Process ToolSource="c:\program files (x86)\arcgis\desktop10.2\ArcToolbox\Toolboxes\Data Management Tools.tbx\CalculateField" Date="20150210" Time="183904">CalculateField Damage_Sites Grouped_Damage_Classes 4 VB #</Process><Process ToolSource="c:\program files (x86)\arcgis\desktop10.2\ArcToolbox\Toolboxes\Data Management Tools.tbx\CalculateField" Date="20150210" Time="184529">CalculateField Damage_Sites Grouped_Damage_Classes 4 VB #</Process><Process ToolSource="c:\program files (x86)\arcgis\desktop10.2\ArcToolbox\Toolboxes\Data Management Tools.tbx\CalculateField" Date="20150210" Time="184742">CalculateField Damage_Sites Grouped_Damage_Classes 4 VB #</Process><Process ToolSource="c:\program files (x86)\arcgis\desktop10.2\ArcToolbox\Toolboxes\Data Management Tools.tbx\CalculateField" Date="20150210" Time="185645">CalculateField Damage_Sites Grouped_Damage_Classes 4 VB #</Process><Process ToolSource="c:\program files (x86)\arcgis\desktop10.2\ArcToolbox\Toolboxes\Data Management Tools.tbx\CalculateField" Date="20150210" Time="202234">CalculateField Damage_Sites Grouped_Damage_Classes 4 VB #</Process><Process ToolSource="c:\program files (x86)\arcgis\desktop10.2\ArcToolbox\Toolboxes\Data Management Tools.tbx\CalculateField" Date="20150210" Time="202518">CalculateField Damage_Sites Grouped_Damage_Classes 4 VB #</Process><Process ToolSource="c:\program files (x86)\arcgis\desktop10.2\ArcToolbox\Toolboxes\Data Management Tools.tbx\CalculateField" Date="20150210" Time="203411">CalculateField Damage_Sites Grouped_Damage_Classes 4 VB #</Process><Process ToolSource="c:\program files (x86)\arcgis\desktop10.2\ArcToolbox\Toolboxes\Data Management Tools.tbx\CalculateField" Date="20150210" Time="211334">CalculateField Damage_Sites Grouped_Damage_Classes 4 VB #</Process><Process ToolSource="c:\program files (x86)\arcgis\desktop10.2\ArcToolbox\Toolboxes\Data Management Tools.tbx\CalculateField" Date="20150210" Time="215808">CalculateField Damage_Sites Grouped_Damage_Classes 4 VB #</Process><Process ToolSource="c:\program files (x86)\arcgis\desktop10.2\ArcToolbox\Toolboxes\Data Management Tools.tbx\CalculateField" Date="20150210" Time="222153">CalculateField Damage_Sites Grouped_Damage_Classes 4 VB #</Process><Process ToolSource="c:\program files (x86)\arcgis\desktop10.2\ArcToolbox\Toolboxes\Data Management Tools.tbx\CalculateField" Date="20150210" Time="222234">CalculateField Damage_Sites Grouped_Damage_Classes 4 VB #</Process><Process ToolSource="c:\program files (x86)\arcgis\desktop10.2\ArcToolbox\Toolboxes\Data Management Tools.tbx\CalculateField" Date="20150210" Time="222459">CalculateField Damage_Sites SiteID 26 VB #</Process><Process ToolSource="c:\program files (x86)\arcgis\desktop10.2\ArcToolbox\Toolboxes\Data Management Tools.tbx\CalculateField" Date="20150210" Time="222532">CalculateField Damage_Sites SensorDate "#22 January 2015#" VB #</Process><Process ToolSource="c:\program files (x86)\arcgis\desktop10.2\ArcToolbox\Toolboxes\Data Management Tools.tbx\CalculateField" Date="20150210" Time="222552">CalculateField Damage_Sites SensorID 2 VB #</Process><Process ToolSource="c:\program files (x86)\arcgis\desktop10.2\ArcToolbox\Toolboxes\Data Management Tools.tbx\CalculateField" Date="20150210" Time="222606">CalculateField Damage_Sites ConfidenceID 2 VB #</Process><Process ToolSource="c:\program files (x86)\arcgis\desktop10.2\ArcToolbox\Toolboxes\Data Management Tools.tbx\CalculateField" Date="20150210" Time="222623">CalculateField Damage_Sites FieldValidation 0 VB #</Process><Process ToolSource="c:\program files (x86)\arcgis\desktop10.2\ArcToolbox\Toolboxes\Data Management Tools.tbx\CalculateField" Date="20150210" Time="222646">CalculateField Damage_Sites Settlement_Name "Kobane" VB #</Process><Process ToolSource="c:\program files (x86)\arcgis\desktop10.2\ArcToolbox\Toolboxes\Data Management Tools.tbx\CalculateField" Date="20150210" Time="222849">CalculateField Damage_Sites Grouped_Damage_Classes 1 VB #</Process><Process ToolSource="c:\program files (x86)\arcgis\desktop10.2\ArcToolbox\Toolboxes\Data Management Tools.tbx\CalculateField" Date="20150210" Time="222905">CalculateField Damage_Sites StaffID 222 VB #</Process><Process ToolSource="c:\program files (x86)\arcgis\desktop10.2\ArcToolbox\Toolboxes\Data Management Tools.tbx\CalculateField" Date="20150210" Time="222945">CalculateField Damage_Sites EventCode "CE20130604SYR" VB #</Process><Process ToolSource="c:\program files (x86)\arcgis\desktop10.2\ArcToolbox\Toolboxes\Data Management Tools.tbx\CalculateField" Date="20150211" Time="212832">CalculateField Kobane_Damage_Sites SiteID 27 VB #</Process><Process ToolSource="c:\program files (x86)\arcgis\desktop10.2\ArcToolbox\Toolboxes\Data Management Tools.tbx\CalculateField" Date="20150211" Time="212847">CalculateField Kobane_Damage_Sites SiteID 26 VB #</Process><Process ToolSource="c:\program files (x86)\arcgis\desktop10.2\ArcToolbox\Toolboxes\Conversion Tools.tbx\FeatureClassToFeatureClass" Date="20150211" Time="213149">FeatureClassToFeatureClass GPL0 G:\Websites\u\unosat-maps\SY\CE20130604SYR Kobane_Damage_Sites # "SiteID "SiteID" true true false 255 Text 0 0 ,First,#,\\cerndata05\gis\SY_Syria\GeoData\UNOSAT\Data_to_Process\CE20130604SYR\Kobani\Kobane.gdb\Damage_Analysis\Kobane_Damage_Sites,SiteID,-1,-1;SensorDate "SensorDate" true true false 8 Date 0 0 ,First,#,\\cerndata05\gis\SY_Syria\GeoData\UNOSAT\Data_to_Process\CE20130604SYR\Kobani\Kobane.gdb\Damage_Analysis\Kobane_Damage_Sites,SensorDate,-1,-1;SensorID "SensorID" true true false 255 Text 0 0 ,First,#,\\cerndata05\gis\SY_Syria\GeoData\UNOSAT\Data_to_Process\CE20130604SYR\Kobani\Kobane.gdb\Damage_Analysis\Kobane_Damage_Sites,SensorID,-1,-1;ConfidenceID "ConfidenceID" true true false 255 Text 0 0 ,First,#,\\cerndata05\gis\SY_Syria\GeoData\UNOSAT\Data_to_Process\CE20130604SYR\Kobani\Kobane.gdb\Damage_Analysis\Kobane_Damage_Sites,ConfidenceID,-1,-1;FieldValidation "FieldValidation" true true false 255 Text 0 0 ,First,#,\\cerndata05\gis\SY_Syria\GeoData\UNOSAT\Data_to_Process\CE20130604SYR\Kobani\Kobane.gdb\Damage_Analysis\Kobane_Damage_Sites,FieldValidation,-1,-1;Settlement_Name "Settlement_Name" true true false 100 Text 0 0 ,First,#,\\cerndata05\gis\SY_Syria\GeoData\UNOSAT\Data_to_Process\CE20130604SYR\Kobani\Kobane.gdb\Damage_Analysis\Kobane_Damage_Sites,Settlement_Name,-1,-1;Notes "Notes" true true false 100 Text 0 0 ,First,#,\\cerndata05\gis\SY_Syria\GeoData\UNOSAT\Data_to_Process\CE20130604SYR\Kobani\Kobane.gdb\Damage_Analysis\Kobane_Damage_Sites,Notes,-1,-1;Main_Damage_Site_Class "Main_Damage_Site_Class" true true false 255 Text 0 0 ,First,#,\\cerndata05\gis\SY_Syria\GeoData\UNOSAT\Data_to_Process\CE20130604SYR\Kobani\Kobane.gdb\Damage_Analysis\Kobane_Damage_Sites,Main_Damage_Site_Class,-1,-1;Grouped_Damage_Classes "Grouped_Damage_Classes" true true false 255 Text 0 0 ,First,#,\\cerndata05\gis\SY_Syria\GeoData\UNOSAT\Data_to_Process\CE20130604SYR\Kobani\Kobane.gdb\Damage_Analysis\Kobane_Damage_Sites,Grouped_Damage_Classes,-1,-1;StaffID "StaffID" true true false 255 Text 0 0 ,First,#,\\cerndata05\gis\SY_Syria\GeoData\UNOSAT\Data_to_Process\CE20130604SYR\Kobani\Kobane.gdb\Damage_Analysis\Kobane_Damage_Sites,StaffID,-1,-1;EventCode "EventCode" true true false 50 Text 0 0 ,First,#,\\cerndata05\gis\SY_Syria\GeoData\UNOSAT\Data_to_Process\CE20130604SYR\Kobani\Kobane.gdb\Damage_Analysis\Kobane_Damage_Sites,EventCode,-1,-1;ImageID_Num "ImageID_Num" true true false 4 Long 0 0 ,First,#,\\cerndata05\gis\SY_Syria\GeoData\UNOSAT\Data_to_Process\CE20130604SYR\Kobani\Kobane.gdb\Damage_Analysis\Kobane_Damage_Sites,ImageID_Num,-1,-1" #</Process></lineage></DataProperties><SyncDate>20150211</SyncDate><SyncTime>21314400</SyncTime><ModDate>20150211</ModDate><ModTime>21314400</ModTime></Esri><dataIdInfo><envirDesc Sync="TRUE">Microsoft Windows Server 2008 R2 Version 6.1 (Build 7601) Service Pack 1; Esri ArcGIS 10.2.2.3552</envirDesc><dataLang><languageCode value="eng" Sync="TRUE"></languageCode><countryCode value="USA" Sync="TRUE"></countryCode></dataLang><idCitation><resTitle Sync="TRUE">Kobane_Damage_Sites</resTitle><presForm><PresFormCd value="005" Sync="TRUE"></PresFormCd></presForm></idCitation><spatRpType><SpatRepTypCd value="001" Sync="TRUE"></SpatRepTypCd></spatRpType></dataIdInfo><mdLang><languageCode value="eng" Sync="TRUE"></languageCode><countryCode value="USA" Sync="TRUE"></countryCode></mdLang><distInfo><distFormat><formatName Sync="TRUE">Shapefile</formatName></distFormat><distTranOps><transSize Sync="TRUE">0.000</transSize></distTranOps></distInfo><mdHrLv><ScopeCd value="005" Sync="TRUE"></ScopeCd></mdHrLv><mdHrLvName Sync="TRUE">dataset</mdHrLvName><refSysInfo><RefSystem><refSysID><identCode code="4326" Sync="TRUE"></identCode><idCodeSpace Sync="TRUE">EPSG</idCodeSpace><idVersion Sync="TRUE">8.2.6</idVersion></refSysID></RefSystem></refSysInfo><spatRepInfo><VectSpatRep><geometObjs Name="Kobane_Damage_Sites"><geoObjTyp><GeoObjTypCd value="004" Sync="TRUE"></GeoObjTypCd></geoObjTyp><geoObjCnt Sync="TRUE">0</geoObjCnt></geometObjs><topLvl><TopoLevCd value="001" Sync="TRUE"></TopoLevCd></topLvl></VectSpatRep></spatRepInfo><spdoinfo><ptvctinf><esriterm Name="Kobane_Damage_Sites"><efeatyp Sync="TRUE">Simple</efeatyp><efeageom code="1" Sync="TRUE"></efeageom><esritopo Sync="TRUE">FALSE</esritopo><efeacnt Sync="TRUE">0</efeacnt><spindex Sync="TRUE">FALSE</spindex><linrefer Sync="TRUE">FALSE</linrefer></esriterm></ptvctinf></spdoinfo><eainfo><detailed Name="Kobane_Damage_Sites"><enttyp><enttypl Sync="TRUE">Kobane_Damage_Sites</enttypl><enttypt Sync="TRUE">Feature Class</enttypt><enttypc Sync="TRUE">0</enttypc></enttyp><attr><attrlabl Sync="TRUE">FID</attrlabl><attalias Sync="TRUE">FID</attalias><attrtype Sync="TRUE">OID</attrtype><attwidth Sync="TRUE">4</attwidth><atprecis Sync="TRUE">0</atprecis><attscale Sync="TRUE">0</attscale><attrdef Sync="TRUE">Internal feature number.</attrdef><attrdefs Sync="TRUE">Esri</attrdefs><attrdomv><udom Sync="TRUE">Sequential unique whole numbers that are automatically generated.</udom></attrdomv></attr><attr><attrlabl Sync="TRUE">Shape</attrlabl><attalias Sync="TRUE">Shape</attalias><attrtype Sync="TRUE">Geometry</attrtype><attwidth Sync="TRUE">0</attwidth><atprecis Sync="TRUE">0</atprecis><attscale Sync="TRUE">0</attscale><attrdef Sync="TRUE">Feature geometry.</attrdef><attrdefs Sync="TRUE">Esri</attrdefs><attrdomv><udom Sync="TRUE">Coordinates defining the features.</udom></attrdomv></attr><attr><attrlabl Sync="TRUE">SiteID</attrlabl><attalias Sync="TRUE">SiteID</attalias><attrtype Sync="TRUE">String</attrtype><attwidth Sync="TRUE">254</attwidth><atprecis Sync="TRUE">0</atprecis><attscale Sync="TRUE">0</attscale></attr><attr><attrlabl Sync="TRUE">SensorDate</attrlabl><attalias Sync="TRUE">SensorDate</attalias><attrtype Sync="TRUE">Date</attrtype><attwidth Sync="TRUE">8</attwidth><atprecis Sync="TRUE">0</atprecis><attscale Sync="TRUE">0</attscale></attr><attr><attrlabl Sync="TRUE">SensorID</attrlabl><attalias Sync="TRUE">SensorID</attalias><attrtype Sync="TRUE">String</attrtype><attwidth Sync="TRUE">254</attwidth><atprecis Sync="TRUE">0</atprecis><attscale Sync="TRUE">0</attscale></attr><attr><attrlabl Sync="TRUE">Confidence</attrlabl><attalias Sync="TRUE">Confidence</attalias><attrtype Sync="TRUE">String</attrtype><attwidth Sync="TRUE">254</attwidth><atprecis Sync="TRUE">0</atprecis><attscale Sync="TRUE">0</attscale></attr><attr><attrlabl Sync="TRUE">FieldValid</attrlabl><attalias Sync="TRUE">FieldValid</attalias><attrtype Sync="TRUE">String</attrtype><attwidth Sync="TRUE">254</attwidth><atprecis Sync="TRUE">0</atprecis><attscale Sync="TRUE">0</attscale></attr><attr><attrlabl Sync="TRUE">Settlement</attrlabl><attalias Sync="TRUE">Settlement</attalias><attrtype Sync="TRUE">String</attrtype><attwidth Sync="TRUE">100</attwidth><atprecis Sync="TRUE">0</atprecis><attscale Sync="TRUE">0</attscale></attr><attr><attrlabl Sync="TRUE">Notes</attrlabl><attalias Sync="TRUE">Notes</attalias><attrtype Sync="TRUE">String</attrtype><attwidth Sync="TRUE">100</attwidth><atprecis Sync="TRUE">0</atprecis><attscale Sync="TRUE">0</attscale></attr><attr><attrlabl Sync="TRUE">Main_Damag</attrlabl><attalias Sync="TRUE">Main_Damag</attalias><attrtype Sync="TRUE">String</attrtype><attwidth Sync="TRUE">254</attwidth><atprecis Sync="TRUE">0</atprecis><attscale Sync="TRUE">0</attscale></attr><attr><attrlabl Sync="TRUE">Grouped_Da</attrlabl><attalias Sync="TRUE">Grouped_Da</attalias><attrtype Sync="TRUE">String</attrtype><attwidth Sync="TRUE">254</attwidth><atprecis Sync="TRUE">0</atprecis><attscale Sync="TRUE">0</attscale></attr><attr><attrlabl Sync="TRUE">StaffID</attrlabl><attalias Sync="TRUE">StaffID</attalias><attrtype Sync="TRUE">String</attrtype><attwidth Sync="TRUE">254</attwidth><atprecis Sync="TRUE">0</atprecis><attscale Sync="TRUE">0</attscale></attr><attr><attrlabl Sync="TRUE">EventCode</attrlabl><attalias Sync="TRUE">EventCode</attalias><attrtype Sync="TRUE">String</attrtype><attwidth Sync="TRUE">50</attwidth><atprecis Sync="TRUE">0</atprecis><attscale Sync="TRUE">0</attscale></attr><attr><attrlabl Sync="TRUE">ImageID_Nu</attrlabl><attalias Sync="TRUE">ImageID_Nu</attalias><attrtype Sync="TRUE">Integer</attrtype><attwidth Sync="TRUE">9</attwidth><atprecis Sync="TRUE">9</atprecis><attscale Sync="TRUE">0</attscale></attr></detailed></eainfo><mdDateSt Sync="TRUE">20150211</mdDateSt></metadata>
